{
    "metrics": {
        "http_req_duration": {
            "avg": 5066.444314873253,
            "min": 0,
            "med": 596.0952,
            "max": 60058.38,
            "p(90)": 13253.616539999999,
            "p(95)": 32633.46798999997,
            "thresholds": {
                "p(95)<3000": true
            }
        },
        "post_create_duration": {
            "med": 0,
            "max": 0,
            "p(90)": 0,
            "p(95)": 0,
            "avg": 0,
            "min": 0,
            "thresholds": {
                "p(95)<3000": false
            }
        },
        "rate_limit_hits": {
            "passes": 1054,
            "fails": 0,
            "value": 1
        },
        "rate_limit_errors": {
            "count": 47,
            "rate": 0.04817339798871211
        },
        "active_scenarios": {
            "count": 4690,
            "rate": 4.807090139724677
        },
        "record_attempt_duration": {
            "p(95)": 238,
            "avg": 140.04842767295597,
            "min": 75,
            "med": 125,
            "max": 444,
            "p(90)": 203,
            "thresholds": {
                "p(95)<5000": false,
                "p(99)<8000": false
            }
        },
        "data_received": {
            "rate": 2149098.2327179885,
            "count": 2096750928
        },
        "http_req_waiting": {
            "p(95)": 10608.2535,
            "avg": 2980.950076734263,
            "min": 0,
            "med": 439.1224,
            "max": 60017.0593,
            "p(90)": 4573.3283599999995
        },
        "cloud_function_errors": {
            "passes": 41,
            "fails": 1683,
            "thresholds": {
                "rate<0.05": false
            },
            "value": 0.023781902552204175
        },
        "solved_query_duration": {
            "avg": 12776.36597393721,
            "min": 0,
            "med": 7053.23725,
            "max": 60007.2634,
            "p(90)": 36109.00525,
            "p(95)": 60002.27815,
            "thresholds": {
                "p(95)<5000": true
            }
        },
        "http_req_connecting": {
            "avg": 16.206597452045113,
            "min": 0,
            "med": 0,
            "max": 4551.7316,
            "p(90)": 0,
            "p(95)": 0
        },
        "http_req_blocked": {
            "p(95)": 0,
            "avg": 93.6971761912412,
            "min": 0,
            "med": 0,
            "max": 51769.129,
            "p(90)": 0
        },
        "checks": {
            "passes": 27454,
            "fails": 881,
            "value": 0.9689077113110993
        },
        "http_req_sending": {
            "avg": 0.33299781190759253,
            "min": 0,
            "med": 0.35,
            "max": 49.2877,
            "p(90)": 0.7187399999999998,
            "p(95)": 1.0224
        },
        "firestore_errors": {
            "passes": 342,
            "fails": 5641,
            "thresholds": {
                "rate<0.05": true
            },
            "value": 0.05716195888350326
        },
        "review_query_errors": {
            "passes": 195,
            "fails": 1781,
            "thresholds": {
                "rate<0.05": true
            },
            "value": 0.09868421052631579
        },
        "review_page_load": {
            "avg": 18389.717611336033,
            "min": 99,
            "med": 11044,
            "max": 60011,
            "p(90)": 60002,
            "p(95)": 60004,
            "thresholds": {
                "p(95)<4000": true
            }
        },
        "wrong_query_duration": {
            "p(95)": 60002.7122,
            "avg": 17315.01567236843,
            "min": 0,
            "med": 10122.63165,
            "max": 60009.4301,
            "p(90)": 54136.913,
            "thresholds": {
                "p(95)<2000": true
            }
        },
        "vus": {
            "value": 1,
            "min": 0,
            "max": 300
        },
        "http_reqs": {
            "count": 31123,
            "rate": 31.9000141617593
        },
        "post_list_duration": {
            "avg": 36.868101545253865,
            "min": 20,
            "med": 31,
            "max": 255,
            "p(90)": 51,
            "p(95)": 73.84999999999991,
            "thresholds": {
                "p(95)<2000": false
            }
        },
        "data_sent": {
            "count": 27023346,
            "rate": 27698.00854988663
        },
        "vus_max": {
            "max": 300,
            "value": 300,
            "min": 300
        },
        "iterations": {
            "count": 16606,
            "rate": 17.02058397873518
        },
        "record_attempt_errors": {
            "passes": 47,
            "fails": 4723,
            "thresholds": {
                "rate<0.03": false
            },
            "value": 0.009853249475890986
        },
        "iteration_duration": {
            "avg": 10395.508241262207,
            "min": 1022.0573,
            "med": 6654.40605,
            "max": 150280.7383,
            "p(90)": 20987.738400000002,
            "p(95)": 35026.904725
        },
        "http_req_tls_handshaking": {
            "med": 0,
            "max": 50504.1222,
            "p(90)": 0,
            "p(95)": 0,
            "avg": 77.4717947884202,
            "min": 0
        },
        "group_duration": {
            "p(95)": 38352.56125,
            "avg": 7214.185526373779,
            "min": 20.4744,
            "med": 2075.31185,
            "max": 147386.3464,
            "p(90)": 19112.5031
        },
        "scenario_duration": {
            "p(90)": 25808.500000000007,
            "p(95)": 48618.95000000005,
            "avg": 12481.672162740899,
            "min": 1100,
            "med": 6203.5,
            "max": 147393,
            "thresholds": {
                "p(95)<20000": true
            }
        },
        "http_req_receiving": {
            "avg": 2085.1612403270947,
            "min": 0,
            "med": 1.3254,
            "max": 59309.9049,
            "p(90)": 5449.063659999999,
            "p(95)": 12692.459139999984
        },
        "bookmark_query_duration": {
            "med": 1519.45155,
            "max": 60007.2634,
            "p(90)": 6438.632,
            "p(95)": 22115.8418,
            "avg": 4569.3957032894705,
            "min": 0,
            "thresholds": {
                "p(95)<2000": true
            }
        },
        "http_req_duration{expected_response:true}": {
            "avg": 3452.4543237612825,
            "min": 16.1113,
            "med": 608.9225,
            "max": 59992.5621,
            "p(90)": 9952.084900000007,
            "p(95)": 18159.710169999995
        },
        "comment_create_duration": {
            "avg": 31.504725897920604,
            "min": 19,
            "med": 28,
            "max": 155,
            "p(90)": 42,
            "p(95)": 51,
            "thresholds": {
                "p(95)<3000": false
            }
        },
        "http_req_failed": {
            "passes": 2404,
            "fails": 28719,
            "thresholds": {
                "rate<0.05": true
            },
            "value": 0.0772419111268194
        }
    },
    "setup_data": {
        "quizId": "GQn3lccHnZeGynRv3Q8r"
    },
    "root_group": {
        "path": "",
        "id": "d41d8cd98f00b204e9800998ecf8427e",
        "groups": {
            "게시판 목록 조회": {
                "groups": {},
                "checks": {
                        "게시판 목록 200 OK": {
                            "name": "게시판 목록 200 OK",
                            "path": "::게시판 목록 조회::게시판 목록 200 OK",
                            "id": "849582fd7f0885efab001c2c514e34d0",
                            "passes": 3624,
                            "fails": 0
                        }
                    },
                "name": "게시판 목록 조회",
                "path": "::게시판 목록 조회",